{
    "Version": "2012-10-17",
    "Statement": [
        {
            "Action": [
                "ecr:*",
                "ec2:*",
                "ecs:*",
                "rds:*",
                "elasticloadbalancing:*",
                "logs:*",
                "servicediscovery:*",
                "s3:*",
                "route53:*",
                "cloudwatch:*",
                "lambda:*",
                "cloudformation:*",
                "elasticbeanstalk:*",
                "redshift:*"
            ],
            "Resource": "*",
            "Effect": "Allow"
        },
        {
            "Sid": "Stmt14328112345672",
            "Effect": "Allow",
            "Action": [
                "iam:Passrole"
            ],
            "Resource": [
                "*"
            ]
        }
    ]
}